{
  "n_rows": 4990,
  "all_single_token": true,
  "overall_noop_argmax_rate": 0.0004008016032064128,
  "noop_argmax_rate_by_position": {
    "0": 0.001002004008016032,
    "1": 0.001002004008016032,
    "2": 0.0,
    "3": 0.0,
    "4": 0.0
  },
  "noop_argmax_rate_by_position_ci": {
    "0": [
      0.0,
      0.003006012024048096
    ],
    "1": [
      0.0,
      0.003006012024048096
    ],
    "2": [
      0.0,
      0.0
    ],
    "3": [
      0.0,
      0.0
    ],
    "4": [
      0.0,
      0.0
    ]
  },
  "noop_rate_fixed_by_position": {
    "0": 0.002004008016032064,
    "1": 0.002004008016032064,
    "2": 0.0,
    "3": 0.0,
    "4": 0.0
  },
  "edit_minus_noop_margin_by_position_condition": {
    "0_buggy": 15.302605210420841,
    "0_fixed": 13.374749498997996,
    "1_buggy": 12.701402805611222,
    "1_fixed": 10.308617234468938,
    "2_buggy": 13.703406813627254,
    "2_fixed": 11.422845691382765,
    "3_buggy": 13.843687374749498,
    "3_fixed": 11.619238476953909,
    "4_buggy": 14.02004008016032,
    "4_fixed": 11.835671342685371
  },
  "noop_mean_rank_by_position": {
    "0": 4.978957915831663,
    "1": 4.966933867735471,
    "2": 4.990981963927855,
    "3": 4.990981963927855,
    "4": 4.988977955911824
  },
  "argmax_distribution_by_position": {
    "0": {
      "edit": 997,
      "noop": 1
    },
    "1": {
      "edit": 983,
      "view": 14,
      "noop": 1
    },
    "2": {
      "edit": 993,
      "view": 3,
      "test": 2
    },
    "3": {
      "edit": 993,
      "grep": 2,
      "view": 3
    },
    "4": {
      "edit": 991,
      "view": 7
    }
  },
  "max_noop_rate_any_position": 0.001002004008016032
}