{
  "n_rows": 4990,
  "all_single_token": false,
  "overall_noop_argmax_rate": 0.18196392785571142,
  "noop_argmax_rate_by_position": {
    "0": 0.9098196392785571,
    "1": 0.0,
    "2": 0.0,
    "3": 0.0,
    "4": 0.0
  },
  "noop_argmax_rate_by_position_ci": {
    "0": [
      0.8917835671342685,
      0.9268537074148296
    ],
    "1": [
      0.0,
      0.0
    ],
    "2": [
      0.0,
      0.0
    ],
    "3": [
      0.0,
      0.0
    ],
    "4": [
      0.0,
      0.0
    ]
  },
  "noop_rate_fixed_by_position": {
    "0": 0.905811623246493,
    "1": 0.0,
    "2": 0.0,
    "3": 0.0,
    "4": 0.0
  },
  "edit_minus_noop_margin_by_position_condition": {
    "0_buggy": -0.7575150300601202,
    "0_fixed": -0.593186372745491,
    "1_buggy": 2.9899799599198396,
    "1_fixed": 3.8947895791583167,
    "2_buggy": 1.4403807615230462,
    "2_fixed": 1.937374749498998,
    "3_buggy": 0.9529058116232465,
    "3_fixed": 1.1623246492985972,
    "4_buggy": 1.3877755511022045,
    "4_fixed": 1.4098196392785571
  },
  "noop_mean_rank_by_position": {
    "0": 1.0901803607214429,
    "1": 4.190380761523046,
    "2": 3.059118236472946,
    "3": 4.818637274549098,
    "4": 3.9218436873747495
  },
  "argmax_distribution_by_position": {
    "0": {
      "noop": 908,
      "edit": 90
    },
    "1": {
      "edit": 998
    },
    "2": {
      "test": 67,
      "edit": 931
    },
    "3": {
      "grep": 994,
      "edit": 4
    },
    "4": {
      "view": 812,
      "edit": 186
    }
  },
  "max_noop_rate_any_position": 0.9098196392785571
}