{
  "n_rows": 4990,
  "all_single_token": true,
  "overall_noop_argmax_rate": 0.0002004008016032064,
  "noop_argmax_rate_by_position": {
    "0": 0.0,
    "1": 0.001002004008016032,
    "2": 0.0,
    "3": 0.0,
    "4": 0.0
  },
  "noop_argmax_rate_by_position_ci": {
    "0": [
      0.0,
      0.0
    ],
    "1": [
      0.0,
      0.003006012024048096
    ],
    "2": [
      0.0,
      0.0
    ],
    "3": [
      0.0,
      0.0
    ],
    "4": [
      0.0,
      0.0
    ]
  },
  "noop_rate_fixed_by_position": {
    "0": 0.0,
    "1": 0.002004008016032064,
    "2": 0.0,
    "3": 0.0,
    "4": 0.0
  },
  "edit_minus_noop_margin_by_position_condition": {
    "0_buggy": 2.3966683366733466,
    "0_fixed": 2.1134769539078158,
    "1_buggy": 1.2002755511022045,
    "1_fixed": 0.9514028056112225,
    "2_buggy": 2.283066132264529,
    "2_fixed": 1.7363476953907815,
    "3_buggy": 2.444013026052104,
    "3_fixed": 2.097695390781563,
    "4_buggy": 2.436122244488978,
    "4_fixed": 2.085170340681363
  },
  "noop_mean_rank_by_position": {
    "0": 4.86372745490982,
    "1": 4.731462925851703,
    "2": 4.973947895791583,
    "3": 5.0,
    "4": 4.998997995991984
  },
  "argmax_distribution_by_position": {
    "0": {
      "grep": 317,
      "edit": 681
    },
    "1": {
      "grep": 926,
      "edit": 70,
      "noop": 1,
      "view": 1
    },
    "2": {
      "grep": 521,
      "edit": 437,
      "test": 40
    },
    "3": {
      "grep": 998
    },
    "4": {
      "grep": 864,
      "edit": 133,
      "test": 1
    }
  },
  "max_noop_rate_any_position": 0.001002004008016032
}