{
  "n_rows": 4990,
  "all_single_token": true,
  "overall_abstain_rate": 0.04288577154308617,
  "abstain_rate_by_noop_label_position": {
    "0": 0.0,
    "1": 0.21342685370741482,
    "2": 0.0,
    "3": 0.0,
    "4": 0.001002004008016032
  },
  "abstain_rate_ci": {
    "0": [
      0.0,
      0.0
    ],
    "1": [
      0.18837675350701402,
      0.23947895791583165
    ],
    "2": [
      0.0,
      0.0
    ],
    "3": [
      0.0,
      0.0
    ],
    "4": [
      0.0,
      0.003006012024048096
    ]
  },
  "max_abstain_rate_any_position": 0.21342685370741482
}