{
  "swe_cache_run_id": "cache-qwen25_coder_3b_instruct-20260612T025109Z",
  "n_layers": 36,
  "auc_by_layer": [
    0.5,
    0.6336922341677342,
    0.7820048915466203,
    0.5794675523391473,
    0.8644905040542006,
    0.914438094626126,
    0.951735133593841,
    0.827823984642632,
    0.8308159404982309,
    0.7618965385681182,
    0.6950293372315773,
    0.7278605306805996,
    0.6875193272316176,
    0.7319729639640001,
    0.816293910466223,
    0.8370167188083582,
    0.8702615652145975,
    0.808542937578564,
    0.812575049899398,
    0.8291051039955663,
    0.8016273027015955,
    0.8712454970060362,
    0.9490644615885077,
    0.954502190754254,
    0.9722370592889186,
    0.9697671896900012,
    0.963968016192706,
    0.9771406540535982,
    0.9562331074975603,
    0.9402130915136887,
    0.9073417375833832,
    0.9234742029148477,
    0.8667876835836,
    0.8696109654178096,
    0.8419082654286529,
    0.8320729635623954
  ],
  "max_layer": 27,
  "max_auc": 0.9771406540535982,
  "causal_layer": 32,
  "causal_auc": 0.8667876835836
}