{
  "qwen": {
    "n_train_prompts": 998,
    "n_heldout_prompts": 998,
    "train_fit_threshold": -1.6371219158172607,
    "train_auc": 0.9935421946096601,
    "heldout_auc": 0.9426869771607342,
    "heldout_auc_reported_g17": 0.943,
    "in_sample_train_operating_point": {
      "tp": 485,
      "fp": 19,
      "fn": 14,
      "tn": 480,
      "precision": 0.9623015873015873,
      "recall": 0.9719438877755511,
      "accuracy": 0.966933867735471,
      "fixed_condition_fpr": 0.03807615230460922
    },
    "heldout_operating_point_frozen_threshold": {
      "tp": 449,
      "fp": 68,
      "fn": 50,
      "tn": 431,
      "precision": 0.8684719535783365,
      "recall": 0.8997995991983968,
      "accuracy": 0.8817635270541082,
      "fixed_condition_fpr": 0.13627254509018036
    }
  },
  "codegemma": {
    "n_train_prompts": 998,
    "n_heldout_prompts": 998,
    "train_fit_threshold": 5.642819881439209,
    "train_auc": 0.9167071618186273,
    "heldout_auc": 0.649037554066048,
    "heldout_auc_reported_g17": 0.649,
    "in_sample_train_operating_point": {
      "tp": 409,
      "fp": 69,
      "fn": 90,
      "tn": 430,
      "precision": 0.8556485355648535,
      "recall": 0.8196392785571143,
      "accuracy": 0.8406813627254509,
      "fixed_condition_fpr": 0.13827655310621242
    },
    "heldout_operating_point_frozen_threshold": {
      "tp": 285,
      "fp": 183,
      "fn": 214,
      "tn": 316,
      "precision": 0.6089743589743589,
      "recall": 0.5711422845691383,
      "accuracy": 0.6022044088176353,
      "fixed_condition_fpr": 0.3667334669338677
    }
  },
  "deepseek": {
    "n_train_prompts": 998,
    "n_heldout_prompts": 998,
    "train_fit_threshold": -14.082174301147461,
    "train_auc": 0.5669133858900165,
    "heldout_auc": 0.6192465090501644,
    "heldout_auc_reported_g17": 0.619,
    "in_sample_train_operating_point": {
      "tp": 307,
      "fp": 246,
      "fn": 192,
      "tn": 253,
      "precision": 0.5551537070524413,
      "recall": 0.6152304609218436,
      "accuracy": 0.561122244488978,
      "fixed_condition_fpr": 0.49298597194388777
    },
    "heldout_operating_point_frozen_threshold": {
      "tp": 305,
      "fp": 194,
      "fn": 194,
      "tn": 305,
      "precision": 0.6112224448897795,
      "recall": 0.6112224448897795,
      "accuracy": 0.6112224448897795,
      "fixed_condition_fpr": 0.38877755511022044
    }
  }
}