{
  "config": {
    "cache_dir": "results/cache-real-qwen-n500-20260516T235301Z",
    "v_noop": "results/steer-20260516T021522Z/v_noop.pt",
    "layer": 24,
    "pos": -1,
    "n_splits": 200,
    "seed": 0,
    "n_paired_tasks": 499
  },
  "in_sample_for_reference": {
    "threshold": 0.10876178741455078,
    "tp": 468,
    "fp": 13,
    "fn": 31,
    "tn": 486,
    "precision": 0.972972972972973,
    "recall": 0.9378757515030061,
    "accuracy": 0.9559118236472945,
    "false_edit_rate": 0.026052104208416832
  },
  "random_50_50_split": {
    "threshold": {
      "mean": 0.034356014728546144,
      "std": 0.1506261103281456,
      "ci_2_5": -0.25143980979919434,
      "ci_97_5": 0.297666072845459
    },
    "precision": {
      "mean": 0.9640419598800591,
      "std": 0.01413724647629337,
      "ci_2_5": 0.9304884094767364,
      "ci_97_5": 0.9832635983263598
    },
    "recall": {
      "mean": 0.93792,
      "std": 0.015989745457604822,
      "ci_2_5": 0.9079,
      "ci_97_5": 0.972
    },
    "accuracy": {
      "mean": 0.9512899999999999,
      "std": 0.006813812457134779,
      "ci_2_5": 0.94,
      "ci_97_5": 0.966
    },
    "false_edit_rate": {
      "mean": 0.03534,
      "std": 0.01499763465437569,
      "ci_2_5": 0.016,
      "ci_97_5": 0.072
    }
  },
  "leave_one_repo_out": {
    "per_repo": [
      {
        "tp": 21,
        "fp": 2,
        "fn": 0,
        "tn": 19,
        "precision": 0.9130434782608695,
        "recall": 1.0,
        "accuracy": 0.9523809523809523,
        "false_edit_rate": 0.09523809523809523,
        "threshold": 0.10876178741455078,
        "repo": "astropy_astropy",
        "n_fixed_in_repo": 21
      },
      {
        "tp": 214,
        "fp": 2,
        "fn": 17,
        "tn": 229,
        "precision": 0.9907407407407407,
        "recall": 0.9264069264069265,
        "accuracy": 0.9588744588744589,
        "false_edit_rate": 0.008658008658008658,
        "threshold": 0.10876178741455078,
        "repo": "django_django",
        "n_fixed_in_repo": 231
      },
      {
        "tp": 31,
        "fp": 2,
        "fn": 3,
        "tn": 32,
        "precision": 0.9393939393939394,
        "recall": 0.9117647058823529,
        "accuracy": 0.9264705882352942,
        "false_edit_rate": 0.058823529411764705,
        "threshold": 0.10876178741455078,
        "repo": "matplotlib_matplotlib",
        "n_fixed_in_repo": 34
      },
      {
        "tp": 2,
        "fp": 0,
        "fn": 0,
        "tn": 2,
        "precision": 1.0,
        "recall": 1.0,
        "accuracy": 1.0,
        "false_edit_rate": 0.0,
        "threshold": 0.10876178741455078,
        "repo": "mwaskom_seaborn",
        "n_fixed_in_repo": 2
      },
      {
        "tp": 1,
        "fp": 0,
        "fn": 0,
        "tn": 1,
        "precision": 1.0,
        "recall": 1.0,
        "accuracy": 1.0,
        "false_edit_rate": 0.0,
        "threshold": 0.10876178741455078,
        "repo": "pallets_flask",
        "n_fixed_in_repo": 1
      },
      {
        "tp": 7,
        "fp": 0,
        "fn": 1,
        "tn": 8,
        "precision": 1.0,
        "recall": 0.875,
        "accuracy": 0.9375,
        "false_edit_rate": 0.0,
        "threshold": 0.10876178741455078,
        "repo": "psf_requests",
        "n_fixed_in_repo": 8
      },
      {
        "tp": 22,
        "fp": 2,
        "fn": 0,
        "tn": 20,
        "precision": 0.9166666666666666,
        "recall": 1.0,
        "accuracy": 0.9545454545454546,
        "false_edit_rate": 0.09090909090909091,
        "threshold": 0.01306009292602539,
        "repo": "pydata_xarray",
        "n_fixed_in_repo": 22
      },
      {
        "tp": 9,
        "fp": 0,
        "fn": 1,
        "tn": 10,
        "precision": 1.0,
        "recall": 0.9,
        "accuracy": 0.95,
        "false_edit_rate": 0.0,
        "threshold": 0.01306009292602539,
        "repo": "pylint_dev",
        "n_fixed_in_repo": 10
      },
      {
        "tp": 19,
        "fp": 3,
        "fn": 0,
        "tn": 16,
        "precision": 0.8636363636363636,
        "recall": 1.0,
        "accuracy": 0.9210526315789473,
        "false_edit_rate": 0.15789473684210525,
        "threshold": 0.10876178741455078,
        "repo": "pytest_dev",
        "n_fixed_in_repo": 19
      },
      {
        "tp": 27,
        "fp": 0,
        "fn": 5,
        "tn": 32,
        "precision": 1.0,
        "recall": 0.84375,
        "accuracy": 0.921875,
        "false_edit_rate": 0.0,
        "threshold": 0.10876178741455078,
        "repo": "scikit_learn",
        "n_fixed_in_repo": 32
      },
      {
        "tp": 43,
        "fp": 1,
        "fn": 1,
        "tn": 43,
        "precision": 0.9772727272727273,
        "recall": 0.9772727272727273,
        "accuracy": 0.9772727272727273,
        "false_edit_rate": 0.022727272727272728,
        "threshold": 0.01306009292602539,
        "repo": "sphinx_doc",
        "n_fixed_in_repo": 44
      },
      {
        "tp": 72,
        "fp": 4,
        "fn": 3,
        "tn": 71,
        "precision": 0.9473684210526315,
        "recall": 0.96,
        "accuracy": 0.9533333333333334,
        "false_edit_rate": 0.05333333333333334,
        "threshold": 0.01306009292602539,
        "repo": "sympy_sympy",
        "n_fixed_in_repo": 75
      }
    ],
    "pooled": {
      "tp": 468,
      "fp": 16,
      "fn": 31,
      "tn": 483,
      "precision": 0.9669421487603306,
      "recall": 0.9378757515030061,
      "accuracy": 0.9529058116232465,
      "false_edit_rate": 0.03206412825651302
    }
  }
}