{
  "source": "results/steer-20260516T021522Z",
  "model": "Qwen/Qwen2.5-Coder-1.5B-Instruct",
  "layer": 24,
  "position": -1,
  "n_prompts": 98,
  "alphas": [
    -3.0,
    -2.0,
    -1.5,
    -1.0,
    -0.5,
    0.0,
    0.5,
    1.0,
    1.5,
    2.0,
    3.0
  ],
  "clean_alpha0": {
    "buggy": {
      "logits": {
        "view": 12.89795918367347,
        "grep": 14.239795918367347,
        "test": 13.073979591836734,
        "edit": 13.99234693877551,
        "noop": 10.846938775510203
      },
      "argmax_rates": {
        "view": 0.0,
        "grep": 0.7142857142857143,
        "test": 0.0,
        "edit": 0.2857142857142857,
        "noop": 0.0
      },
      "margins": {
        "edit_minus_noop": 3.145408163265307,
        "grep_minus_noop": 3.392857142857144,
        "view_minus_noop": 2.051020408163266,
        "test_minus_noop": 2.2270408163265305,
        "edit_minus_grep": -0.24744897959183731
      },
      "noop_logit_rank": 5
    },
    "fixed": {
      "logits": {
        "view": 12.979591836734693,
        "grep": 13.934948979591837,
        "test": 13.135204081632653,
        "edit": 13.885204081632653,
        "noop": 11.39923469387755
      },
      "argmax_rates": {
        "view": 0.0,
        "grep": 0.5918367346938775,
        "test": 0.0,
        "edit": 0.40816326530612246,
        "noop": 0.0
      },
      "margins": {
        "edit_minus_noop": 2.4859693877551017,
        "grep_minus_noop": 2.5357142857142865,
        "view_minus_noop": 1.5803571428571423,
        "test_minus_noop": 1.7359693877551017,
        "edit_minus_grep": -0.0497448979591848
      },
      "noop_logit_rank": 5
    }
  },
  "max_noop_argmax_rate_any_alpha": 0.0,
  "grep_argmax_rate_by_alpha": {
    "buggy": [
      0.9795918367346939,
      0.9183673469387755,
      0.8571428571428571,
      0.7959183673469388,
      0.7551020408163265,
      0.7142857142857143,
      0.6530612244897959,
      0.5510204081632653,
      0.4489795918367347,
      0.2653061224489796,
      0.04081632653061224
    ],
    "fixed": [
      0.9795918367346939,
      0.9591836734693877,
      0.9387755102040817,
      0.8571428571428571,
      0.8163265306122449,
      0.5918367346938775,
      0.40816326530612246,
      0.24489795918367346,
      0.12244897959183673,
      0.08163265306122448,
      0.04081632653061224
    ]
  },
  "noop_argmax_rate_by_alpha": {
    "buggy": [
      0.0,
      0.0,
      0.0,
      0.0,
      0.0,
      0.0,
      0.0,
      0.0,
      0.0,
      0.0,
      0.0
    ],
    "fixed": [
      0.0,
      0.0,
      0.0,
      0.0,
      0.0,
      0.0,
      0.0,
      0.0,
      0.0,
      0.0,
      0.0
    ]
  },
  "edit_minus_noop_margin_by_alpha": {
    "buggy": [
      5.492984693877551,
      4.6186224489795915,
      4.223214285714286,
      3.8443877551020407,
      3.485969387755102,
      3.145408163265306,
      2.8214285714285716,
      2.4885204081632653,
      2.207908163265306,
      1.9183673469387754,
      1.3533163265306123
    ],
    "fixed": [
      4.581632653061225,
      3.7818877551020407,
      3.4260204081632653,
      3.1058673469387754,
      2.7844387755102042,
      2.485969387755102,
      2.1964285714285716,
      1.933673469387755,
      1.6823979591836735,
      1.4234693877551021,
      0.9540816326530612
    ]
  },
  "dominant_action_by_alpha": {
    "buggy": [
      "grep",
      "grep",
      "grep",
      "grep",
      "grep",
      "grep",
      "grep",
      "grep",
      "edit",
      "edit",
      "edit"
    ],
    "fixed": [
      "grep",
      "grep",
      "grep",
      "grep",
      "grep",
      "grep",
      "edit",
      "edit",
      "edit",
      "edit",
      "edit"
    ]
  }
}