{
  "model": "Qwen/Qwen2.5-Coder-1.5B-Instruct",
  "tasks": "toy",
  "variant": "code_tests",
  "n_pairs": 49,
  "seed": 0,
  "stratify_by_repo": true,
  "cells": [
    [
      24,
      -1
    ],
    [
      12,
      -1
    ],
    [
      24,
      -8
    ]
  ],
  "clean": {
    "n_pairs": 49,
    "mean_margin_buggy": 3.1619897959183674,
    "mean_margin_fixed": 2.6301020408163267,
    "mean_buggy_minus_fixed_gap": 0.5318877551020408,
    "median_buggy_minus_fixed_gap": 0.5625,
    "argmax_buggy_counts": {
      "grep": 34,
      "edit": 15
    },
    "argmax_fixed_counts": {
      "grep": 45,
      "edit": 4
    }
  },
  "by_cell": {
    "L24_pos-1": {
      "f2b": {
        "mean_shift": 0.625,
        "ci95_lo": 0.5459183673469388,
        "ci95_hi": 0.7040816326530612,
        "pct_positive": 0.9591836734693877,
        "p_wilcoxon_one_sided_greater": 1.152591431128614e-09,
        "shifts": [
          0.0,
          0.625,
          0.375,
          0.5625,
          0.75,
          0.625,
          0.75,
          0.8125,
          0.3125,
          0.5625,
          0.5625,
          1.0625,
          0.375,
          0.625,
          0.375,
          0.75,
          0.8125,
          0.625,
          0.25,
          0.8125,
          0.6875,
          0.25,
          1.0,
          1.0625,
          0.5,
          0.375,
          0.125,
          1.1875,
          0.625,
          0.625,
          0.75,
          1.0625,
          0.5625,
          0.3125,
          0.9375,
          0.75,
          0.6875,
          1.0625,
          0.8125,
          0.875,
          0.75,
          0.5625,
          0.4375,
          0.6875,
          0.0,
          0.875,
          0.0625,
          0.5625,
          0.8125
        ]
      },
      "b2f": {
        "mean_shift": 0.5956632653061225,
        "ci95_lo": 0.5204081632653061,
        "ci95_hi": 0.6721938775510204,
        "pct_positive": 0.9591836734693877,
        "p_wilcoxon_one_sided_greater": 1.1340612888488188e-09,
        "shifts": [
          0.0,
          0.625,
          0.4375,
          0.625,
          0.625,
          0.625,
          0.75,
          0.8125,
          0.4375,
          0.625,
          0.3125,
          1.0,
          0.375,
          0.625,
          0.3125,
          0.6875,
          0.6875,
          0.375,
          0.1875,
          0.6875,
          0.6875,
          0.125,
          0.75,
          1.0,
          0.5,
          0.1875,
          0.25,
          1.1875,
          0.6875,
          0.625,
          0.75,
          1.0625,
          0.5,
          0.375,
          1.0,
          0.6875,
          0.875,
          1.0625,
          0.75,
          0.6875,
          0.6875,
          0.4375,
          0.4375,
          0.6875,
          0.1875,
          0.8125,
          0.0,
          0.5625,
          0.8125
        ]
      },
      "argmax_flow_buggy_clean_to_f2b": {
        "grep->grep": 32,
        "edit->grep": 13,
        "grep->edit": 2,
        "edit->edit": 2
      },
      "argmax_flow_fixed_clean_to_b2f": {
        "grep->grep": 33,
        "grep->edit": 12,
        "edit->grep": 2,
        "edit->edit": 2
      },
      "argmax_buggy_postF2B_counts": {
        "grep": 45,
        "edit": 4
      },
      "argmax_fixed_postB2F_counts": {
        "grep": 35,
        "edit": 14
      }
    },
    "L12_pos-1": {
      "f2b": {
        "mean_shift": 0.04081632653061224,
        "ci95_lo": 0.017857142857142856,
        "ci95_hi": 0.06377551020408163,
        "pct_positive": 0.5510204081632653,
        "p_wilcoxon_one_sided_greater": 0.0011634895573143966,
        "shifts": [
          0.0,
          0.125,
          -0.125,
          -0.125,
          0.0625,
          0.0,
          -0.0625,
          0.1875,
          -0.0625,
          0.125,
          0.1875,
          0.0,
          0.0,
          0.0625,
          0.0,
          0.0625,
          0.0,
          0.0625,
          0.0,
          0.0625,
          0.0625,
          0.0,
          0.25,
          0.125,
          0.0625,
          0.0,
          -0.125,
          0.0625,
          0.0625,
          0.0625,
          0.125,
          0.0625,
          0.125,
          0.0,
          0.0625,
          0.0,
          0.0,
          0.0625,
          0.0625,
          0.125,
          -0.0625,
          0.125,
          0.0,
          0.0,
          -0.0625,
          0.1875,
          -0.0625,
          0.0625,
          0.0625
        ]
      },
      "b2f": {
        "mean_shift": 0.0,
        "ci95_lo": -0.01913265306122449,
        "ci95_hi": 0.01913265306122449,
        "pct_positive": 0.3673469387755102,
        "p_wilcoxon_one_sided_greater": 0.5468304567559583,
        "shifts": [
          0.0,
          0.0625,
          -0.125,
          -0.125,
          0.0625,
          -0.0625,
          -0.0625,
          0.0625,
          0.0,
          0.0625,
          0.0625,
          -0.0625,
          0.0,
          -0.0625,
          -0.125,
          -0.0625,
          0.0,
          0.1875,
          0.0625,
          0.0625,
          0.125,
          -0.0625,
          -0.0625,
          0.0625,
          0.0,
          0.0,
          0.0,
          0.0,
          0.0625,
          0.0,
          0.0625,
          0.0625,
          -0.0625,
          0.0,
          0.0625,
          -0.0625,
          0.0625,
          -0.0625,
          -0.0625,
          0.0,
          0.0,
          -0.0625,
          -0.125,
          0.0625,
          -0.0625,
          0.0,
          -0.0625,
          0.0625,
          0.125
        ]
      },
      "argmax_flow_buggy_clean_to_f2b": {
        "grep->grep": 34,
        "edit->edit": 14,
        "edit->grep": 1
      },
      "argmax_flow_fixed_clean_to_b2f": {
        "grep->grep": 45,
        "edit->edit": 4
      },
      "argmax_buggy_postF2B_counts": {
        "grep": 35,
        "edit": 14
      },
      "argmax_fixed_postB2F_counts": {
        "grep": 45,
        "edit": 4
      }
    },
    "L24_pos-8": {
      "f2b": {
        "mean_shift": -0.002551020408163265,
        "ci95_lo": -0.017857142857142856,
        "ci95_hi": 0.012755102040816327,
        "pct_positive": 0.24489795918367346,
        "p_wilcoxon_one_sided_greater": 0.6238533125014816,
        "shifts": [
          0.0,
          0.0,
          -0.125,
          -0.0625,
          0.0,
          0.0,
          -0.0625,
          0.0625,
          -0.0625,
          -0.0625,
          0.0625,
          -0.0625,
          0.0,
          -0.0625,
          0.0625,
          0.0,
          0.0625,
          0.0625,
          0.0625,
          0.0,
          0.0,
          0.0,
          0.0625,
          0.0,
          0.0,
          0.0,
          -0.0625,
          0.0,
          -0.0625,
          0.125,
          0.0625,
          0.125,
          0.0,
          0.0,
          -0.0625,
          0.0,
          0.0,
          0.0,
          0.0625,
          0.0,
          0.0,
          0.0,
          -0.0625,
          0.0,
          -0.125,
          -0.0625,
          -0.0625,
          0.0625,
          0.0
        ]
      },
      "b2f": {
        "mean_shift": -0.008928571428571428,
        "ci95_lo": -0.021683673469387755,
        "ci95_hi": 0.003826530612244898,
        "pct_positive": 0.12244897959183673,
        "p_wilcoxon_one_sided_greater": 0.8943576507833597,